hand,equity,percentile
AA,0.843125,0.005917159763313609
KK,0.81125,0.011834319526627219
QQ,0.7949999999999999,0.01775147928994083
JJ,0.7625,0.023668639053254437
TT,0.7481249999999999,0.029585798816568046
99,0.698125,0.03550295857988166
88,0.6837500000000001,0.04142011834319527
AKs,0.670625,0.047337278106508875
77,0.6649999999999999,0.05325443786982249
AKo,0.65125,0.05917159763313609
AJo,0.65125,0.0650887573964497
AQo,0.6493749999999999,0.07100591715976332
AQs,0.6487499999999999,0.07692307692307693
A9o,0.645,0.08284023668639054
A7o,0.63875,0.08875739644970414
KJs,0.635625,0.09467455621301775
QJs,0.633125,0.10059171597633136
A7s,0.6331249999999999,0.10650887573964497
A9s,0.63,0.11242603550295859
KTo,0.629375,0.11834319526627218
A8o,0.628125,0.1242603550295858
AJs,0.6275,0.1301775147928994
ATs,0.624375,0.13609467455621302
K9s,0.6237499999999999,0.14201183431952663
55,0.613125,0.14792899408284024
66,0.60875,0.15384615384615385
KQs,0.6074999999999999,0.15976331360946747
A8s,0.603125,0.16568047337278108
ATo,0.6025,0.17159763313609466
A5s,0.599375,0.17751479289940827
QTs,0.598125,0.1834319526627219
K8s,0.598125,0.1893491124260355
KTs,0.595625,0.1952662721893491
A4s,0.594375,0.20118343195266272
KJo,0.5862499999999999,0.20710059171597633
K5s,0.585,0.21301775147928995
A6s,0.5831249999999999,0.21893491124260356
K9o,0.5812499999999999,0.22485207100591717
A3s,0.5800000000000001,0.23076923076923078
44,0.57625,0.23668639053254437
KQo,0.57375,0.24260355029585798
K7s,0.57375,0.2485207100591716
Q8s,0.56875,0.25443786982248523
A5o,0.566875,0.2603550295857988
Q5s,0.5668749999999999,0.26627218934911245
A4o,0.5662499999999999,0.27218934911242604
Q9o,0.5650000000000001,0.2781065088757396
QTo,0.565,0.28402366863905326
Q9s,0.5643750000000001,0.28994082840236685
A6o,0.564375,0.2958579881656805
A2s,0.5637500000000001,0.30177514792899407
JTs,0.563125,0.3076923076923077
K4o,0.561875,0.3136094674556213
K6s,0.556875,0.31952662721893493
K8o,0.55625,0.3254437869822485
K7o,0.555625,0.33136094674556216
J9o,0.551875,0.33727810650887574
J8s,0.546875,0.3431952662721893
JTo,0.5425,0.34911242603550297
K4s,0.5425,0.35502958579881655
K2s,0.54125,0.3609467455621302
K6o,0.538125,0.3668639053254438
J9s,0.5375000000000001,0.3727810650887574
K3s,0.536875,0.378698224852071
A3o,0.534375,0.38461538461538464
Q6s,0.534375,0.3905325443786982
QJo,0.5325,0.39644970414201186
33,0.529375,0.40236686390532544
Q3s,0.52875,0.40828402366863903
J7s,0.5249999999999999,0.41420118343195267
Q6o,0.52375,0.42011834319526625
Q7s,0.5225000000000001,0.4260355029585799
J5s,0.520625,0.4319526627218935
J6s,0.520625,0.4378698224852071
T9o,0.5206249999999999,0.4437869822485207
Q7o,0.52,0.44970414201183434
A2o,0.5187499999999999,0.4556213017751479
K5o,0.516875,0.46153846153846156
K3o,0.510625,0.46745562130177515
Q8o,0.51,0.47337278106508873
T7s,0.509375,0.47928994082840237
J8o,0.503125,0.48520710059171596
97s,0.5025000000000001,0.4911242603550296
T8s,0.5025,0.4970414201183432
Q4s,0.501875,0.5029585798816568
J4s,0.501875,0.5088757396449705
J3s,0.50125,0.514792899408284
96s,0.498125,0.5207100591715976
J7o,0.4975,0.5266272189349113
Q5o,0.496875,0.5325443786982249
J4o,0.49375,0.5384615384615384
98s,0.4925,0.5443786982248521
T9s,0.49125,0.5502958579881657
K2o,0.49,0.5562130177514792
Q4o,0.489375,0.5621301775147929
22,0.488125,0.5680473372781065
98o,0.484375,0.5739644970414202
Q2s,0.48375,0.5798816568047337
T8o,0.479375,0.5857988165680473
Q3o,0.47812499999999997,0.591715976331361
J6o,0.474375,0.5976331360946746
J5o,0.47375,0.6035502958579881
J2s,0.47250000000000003,0.6094674556213018
T4s,0.470625,0.6153846153846154
T3s,0.469375,0.621301775147929
97o,0.465,0.6272189349112426
87s,0.46499999999999997,0.6331360946745562
96o,0.464375,0.6390532544378699
T4o,0.46375,0.6449704142011834
T5s,0.46375,0.650887573964497
T6s,0.459375,0.6568047337278107
85s,0.45625000000000004,0.6627218934911243
J3o,0.455,0.6686390532544378
76s,0.4525,0.6745562130177515
95s,0.45187499999999997,0.6804733727810651
T7o,0.450625,0.6863905325443787
T2s,0.450625,0.6923076923076923
T5o,0.450625,0.6982248520710059
93s,0.44875,0.7041420118343196
95o,0.44625,0.7100591715976331
75s,0.44375000000000003,0.7159763313609467
Q2o,0.43875,0.7218934911242604
87o,0.4375,0.727810650887574
86s,0.434375,0.7337278106508875
94s,0.429375,0.7396449704142012
85o,0.42875,0.7455621301775148
92s,0.4275,0.7514792899408284
T3o,0.426875,0.757396449704142
86o,0.426875,0.7633136094674556
T6o,0.425,0.7692307692307693
93o,0.42312500000000003,0.7751479289940828
J2o,0.42125,0.7810650887573964
65s,0.41875,0.7869822485207101
76o,0.418125,0.7928994082840237
74s,0.409375,0.7988165680473372
73s,0.4075,0.8047337278106509
83s,0.405625,0.8106508875739645
84o,0.404375,0.8165680473372781
T2o,0.40375,0.8224852071005917
84s,0.39937500000000004,0.8284023668639053
54s,0.399375,0.834319526627219
53s,0.39625,0.8402366863905325
75o,0.395625,0.8461538461538461
64s,0.39375000000000004,0.8520710059171598
92o,0.39375,0.8579881656804734
82s,0.393125,0.863905325443787
74o,0.3925,0.8698224852071006
64o,0.39125000000000004,0.8757396449704142
43s,0.388125,0.8816568047337278
82o,0.388125,0.8875739644970414
94o,0.384375,0.893491124260355
65o,0.38375,0.8994082840236687
73o,0.38375,0.9053254437869822
72s,0.380625,0.9112426035502958
63s,0.37437499999999996,0.9171597633136095
53o,0.37125,0.9230769230769231
32s,0.369375,0.9289940828402367
83o,0.36875,0.9349112426035503
62s,0.365625,0.9408284023668639
42s,0.36250000000000004,0.9467455621301775
52s,0.3625,0.9526627218934911
62o,0.359375,0.9585798816568047
72o,0.353125,0.9644970414201184
54o,0.34875,0.9704142011834319
63o,0.3475,0.9763313609467456
32o,0.34125,0.9822485207100592
52o,0.333125,0.9881656804733728
42o,0.33187500000000003,0.9940828402366864
43o,0.32625,1.0
